{
  "processing_summary": {
    "total_samples": 500,
    "processing_date": "2025-09-26 07:17:35",
    "features_extracted": 35,
    "tfidf_features": 368
  },
  "feature_statistics": {
    "0": {
      "mean": 213.022,
      "std": 12.488131279166286,
      "min": 183.0,
      "max": 262.0,
      "correlation_with_urgency": 0.08470132271305676
    },
    "1": {
      "mean": 28.3,
      "std": 2.061674320062218,
      "min": 24.0,
      "max": 36.0,
      "correlation_with_urgency": 0.002420091161468824
    },
    "2": {
      "mean": 7.254,
      "std": 0.43573355098604677,
      "min": 7.0,
      "max": 8.0,
      "correlation_with_urgency": 0.01717600052320595
    },
    "3": {
      "mean": 6.5775380059492266,
      "std": 0.47968075398132126,
      "min": 5.548387096774194,
      "max": 7.8076923076923075,
      "correlation_with_urgency": 0.06584655300012096
    },
    "4": {
      "mean": 0.0,
      "std": 0.0,
      "min": 0.0,
      "max": 0.0,
      "correlation_with_urgency": NaN
    },
    "5": {
      "mean": 0.0,
      "std": 0.0,
      "min": 0.0,
      "max": 0.0,
      "correlation_with_urgency": NaN
    },
    "6": {
      "mean": 0.0,
      "std": 0.0,
      "min": 0.0,
      "max": 0.0,
      "correlation_with_urgency": NaN
    },
    "7": {
      "mean": 0.818,
      "std": 0.38623095253668466,
      "min": 0.0,
      "max": 1.0,
      "correlation_with_urgency": 0.012918280544426104
    },
    "8": {
      "mean": 0.678,
      "std": 0.6221657177639424,
      "min": 0.0,
      "max": 2.0,
      "correlation_with_urgency": -0.02806814776310137
    },
    "9": {
      "mean": 0.0,
      "std": 0.0,
      "min": 0.0,
      "max": 0.0,
      "correlation_with_urgency": NaN
    },
    "10": {
      "mean": 0.0,
      "std": 0.0,
      "min": 0.0,
      "max": 0.0,
      "correlation_with_urgency": NaN
    },
    "11": {
      "mean": 4.182,
      "std": 1.316184136571599,
      "min": 2.0,
      "max": 8.0,
      "correlation_with_urgency": 0.013267930234155664
    },
    "12": {
      "mean": 0.0,
      "std": 0.0,
      "min": 0.0,
      "max": 0.0,
      "correlation_with_urgency": NaN
    },
    "13": {
      "mean": 0.0,
      "std": 0.0,
      "min": 0.0,
      "max": 0.0,
      "correlation_with_urgency": NaN
    },
    "14": {
      "mean": 0.8884000000000001,
      "std": 0.16148558818167263,
      "min": 0.4,
      "max": 1.0,
      "correlation_with_urgency": 0.01235884850404521
    },
    "15": {
      "mean": 0.0,
      "std": 0.0,
      "min": 0.0,
      "max": 0.0,
      "correlation_with_urgency": NaN
    },
    "16": {
      "mean": 0.0,
      "std": 0.0,
      "min": 0.0,
      "max": 0.0,
      "correlation_with_urgency": NaN
    },
    "17": {
      "mean": 0.164,
      "std": 0.37064640496709267,
      "min": 0.0,
      "max": 1.0,
      "correlation_with_urgency": -0.013461454725974742
    },
    "18": {
      "mean": 0.43439999999999995,
      "std": 0.14825856198683704,
      "min": 0.1,
      "max": 0.5,
      "correlation_with_urgency": 0.013461454725974755
    },
    "19": {
      "mean": 0.0,
      "std": 0.0,
      "min": 0.0,
      "max": 0.0,
      "correlation_with_urgency": NaN
    },
    "20": {
      "mean": 0.0,
      "std": 0.0,
      "min": 0.0,
      "max": 0.0,
      "correlation_with_urgency": NaN
    },
    "21": {
      "mean": 0.0,
      "std": 0.0,
      "min": 0.0,
      "max": 0.0,
      "correlation_with_urgency": NaN
    },
    "22": {
      "mean": 0.0,
      "std": 0.0,
      "min": 0.0,
      "max": 0.0,
      "correlation_with_urgency": NaN
    },
    "23": {
      "mean": 1.406,
      "std": 1.3419260527548171,
      "min": 0.0,
      "max": 6.0,
      "correlation_with_urgency": -0.06692612920973366
    },
    "24": {
      "mean": 0.56,
      "std": 0.5891470006515805,
      "min": 0.0,
      "max": 2.0,
      "correlation_with_urgency": 0.05928245168021131
    },
    "25": {
      "mean": 0.0,
      "std": 0.0,
      "min": 0.0,
      "max": 0.0,
      "correlation_with_urgency": NaN
    },
    "26": {
      "mean": 0.8308399999999999,
      "std": 0.17204182974603802,
      "min": 0.5,
      "max": 1.0,
      "correlation_with_urgency": -0.06351288624233628
    },
    "27": {
      "mean": -0.029873775510204086,
      "std": 0.19496649484298173,
      "min": -0.6571428571428571,
      "max": 0.6,
      "correlation_with_urgency": -0.03178931629624185
    },
    "28": {
      "mean": 0.4853018310657596,
      "std": 0.17416256932245613,
      "min": 0.0,
      "max": 1.0,
      "correlation_with_urgency": 0.037163496112568986
    },
    "29": {
      "mean": 0.1453113492063492,
      "std": 0.13322335163567342,
      "min": 0.0,
      "max": 0.6571428571428571,
      "correlation_with_urgency": 0.03791134469334401
    },
    "30": {
      "mean": 0.0,
      "std": 0.0,
      "min": 0.0,
      "max": 0.0,
      "correlation_with_urgency": NaN
    },
    "31": {
      "mean": 0.0,
      "std": 0.0,
      "min": 0.0,
      "max": 0.0,
      "correlation_with_urgency": NaN
    },
    "32": {
      "mean": 0.0,
      "std": 0.0,
      "min": 0.0,
      "max": 0.0,
      "correlation_with_urgency": NaN
    },
    "33": {
      "mean": 0.0,
      "std": 0.0,
      "min": 0.0,
      "max": 0.0,
      "correlation_with_urgency": NaN
    },
    "34": {
      "mean": 0.5142771349206349,
      "std": 0.0726507499759725,
      "min": 0.2222222222222222,
      "max": 0.6192857142857142,
      "correlation_with_urgency": -0.000499465976402286
    }
  },
  "urgency_prediction_accuracy": {}
}